batch_id,sku_id,warehouse_id,quantity,expiry_date
B00001,M001,W001,232,2027-01-02
B00002,M001,W001,218,2027-11-06
B00003,M001,W002,70,2027-03-18
B00004,M001,W002,50,2027-07-09
B00005,M001,W003,380,2028-08-05
B00006,M001,W004,250,2026-10-14
B00007,M001,W004,300,2027-04-22
B00008,M001,W004,300,2027-08-10
B00009,M001,W005,135,2027-10-26
B00010,M001,W005,235,2027-11-16
B00011,M001,W005,150,2028-04-27
B00012,M001,W006,91,2027-05-13
B00013,M001,W006,214,2027-06-15
B00014,M001,W006,105,2028-04-25
B00015,M002,W001,947,2027-07-07
B00016,M002,W001,455,2028-02-09
B00017,M002,W001,1733,2028-05-28
B00018,M002,W002,58,2027-07-07
B00019,M002,W002,360,2028-04-01
B00020,M002,W003,257,2027-02-03
B00021,M002,W003,126,2027-06-12
B00022,M002,W004,810,2027-05-05
B00023,M002,W004,825,2027-10-11
B00024,M002,W004,1595,2028-06-21
B00025,M002,W005,1085,2026-12-14
B00026,M002,W005,883,2027-04-10
B00027,M002,W005,806,2027-12-24
B00028,M002,W006,517,2026-12-27
B00029,M002,W006,291,2027-08-21
B00030,M002,W006,368,2027-12-04
B00031,M003,W001,36,2027-03-09
B00032,M003,W001,28,2027-06-25
B00033,M003,W001,43,2027-08-04
B00034,M003,W002,402,2026-12-13
B00035,M003,W003,222,2026-11-16
B00036,M003,W003,481,2027-11-14
B00037,M003,W003,627,2028-06-23
B00038,M003,W004,89,2026-11-07
B00039,M003,W004,346,2028-03-26
B00040,M003,W005,368,2027-06-06
B00041,M003,W005,582,2028-02-09
B00042,M003,W006,59,2028-05-17
B00043,M003,W006,71,2028-08-13
B00044,M004,W001,166,2028-07-24
B00045,M004,W001,355,2028-08-04
B00046,M004,W002,197,2027-11-18
B00047,M004,W002,158,2027-12-15
B00048,M004,W002,55,2028-05-19
B00423,M004,W003,49,2026-08-08
B00049,M004,W003,74,2028-01-10
B00050,M004,W004,73,2027-01-27
B00051,M004,W004,62,2027-03-17
B00052,M004,W004,46,2027-12-20
B00053,M004,W004,72,2028-02-20
B00054,M004,W005,22,2027-06-07
B00055,M004,W005,20,2027-12-10
B00056,M004,W006,66,2027-02-03
B00057,M004,W006,43,2027-06-12
B00058,M004,W006,275,2027-06-22
B00425,M005,W001,73,2026-08-27
B00059,M005,W001,315,2026-12-26
B00060,M005,W002,54,2026-11-19
B00061,M005,W003,253,2026-12-08
B00062,M005,W003,63,2027-09-25
B00063,M005,W003,149,2028-09-04
B00064,M005,W004,309,2028-01-11
B00065,M005,W004,144,2028-03-29
B00066,M005,W004,98,2028-08-06
B00067,M005,W005,67,2027-10-14
B00068,M005,W005,220,2028-04-09
B00069,M005,W005,42,2028-06-04
B00070,M005,W006,28,2027-01-09
B00071,M005,W006,50,2027-02-20
B00072,M005,W006,29,2028-03-09
B00073,M005,W006,72,2028-04-07
B00074,M006,W001,1995,2028-07-24
B00075,M006,W002,37,2027-03-09
B00076,M006,W002,86,2027-08-29
B00077,M006,W003,88,2027-09-11
B00078,M006,W004,125,2026-11-14
B00079,M006,W004,1299,2027-12-18
B00080,M006,W004,384,2028-06-17
B00081,M006,W005,153,2026-12-16
B00082,M006,W005,328,2027-02-27
B00083,M006,W006,1685,2027-06-04
B00084,M006,W006,310,2028-03-25
B00085,M007,W001,385,2026-12-18
B00086,M007,W001,107,2027-03-26
B00087,M007,W002,168,2026-10-31
B00088,M007,W002,177,2026-11-25
B00089,M007,W002,364,2027-03-28
B00090,M007,W003,672,2027-02-13
B00091,M007,W003,162,2027-02-23
B00092,M007,W003,275,2027-11-22
B00093,M007,W004,325,2026-11-27
B00094,M007,W004,470,2027-08-31
B00095,M007,W005,105,2027-12-05
B00096,M007,W005,153,2027-12-13
B00097,M007,W006,253,2027-10-12
B00098,M007,W006,331,2028-06-04
B00099,M008,W001,51,2027-05-14
B00100,M008,W001,142,2028-05-29
B00424,M008,W002,120,2026-09-16
B00101,M008,W002,498,2027-09-10
B00102,M008,W003,295,2027-08-29
B00103,M008,W003,146,2028-02-08
B00104,M008,W003,203,2028-09-06
B00105,M008,W004,429,2027-08-30
B00106,M008,W004,223,2028-07-07
B00107,M008,W004,137,2028-09-02
B00108,M008,W005,603,2026-11-06
B00109,M008,W005,625,2027-04-02
B00110,M008,W005,767,2027-08-12
B00111,M008,W006,52,2028-03-06
B00112,M008,W006,651,2028-06-30
B00113,M009,W001,811,2027-01-10
B00114,M009,W002,119,2026-10-17
B00115,M009,W002,18,2027-07-26
B00116,M009,W002,25,2028-02-20
B00117,M009,W003,635,2027-05-03
B00118,M009,W003,643,2027-08-18
B00119,M009,W004,1313,2027-02-15
B00120,M009,W005,156,2027-04-28
B00121,M009,W005,86,2028-07-07
B00122,M009,W006,851,2028-09-06
B00123,M010,W001,1985,2026-11-30
B00124,M010,W002,330,2028-02-15
B00125,M010,W002,710,2028-04-20
B00126,M010,W002,1905,2028-07-15
B00127,M010,W003,1002,2027-08-23
B00128,M010,W003,2133,2028-03-30
B00129,M010,W004,373,2028-04-28
B00130,M010,W004,486,2028-06-24
B00131,M010,W005,654,2027-01-12
B00132,M010,W005,1341,2027-08-14
B00133,M010,W006,181,2027-04-16
B00134,M010,W006,397,2028-06-14
B00135,M010,W006,202,2028-08-23
B00136,M011,W001,331,2027-06-15
B00137,M011,W001,545,2028-08-19
B00138,M011,W002,691,2027-05-07
B00139,M011,W002,52,2028-02-26
B00140,M011,W002,1064,2028-07-02
B00141,M011,W003,253,2027-03-11
B00142,M011,W003,144,2027-03-24
B00143,M011,W003,150,2027-05-27
B00144,M011,W004,425,2028-04-13
B00145,M011,W004,94,2028-08-12
B00146,M011,W005,376,2027-08-21
B00147,M011,W005,1293,2027-10-21
B00148,M011,W005,303,2028-01-09
B00149,M011,W005,403,2028-06-14
B00150,M011,W006,2377,2027-02-02
B00151,M011,W006,948,2027-09-20
B00152,M012,W001,391,2028-01-27
B00153,M012,W001,772,2028-03-18
B00154,M012,W002,338,2027-03-18
B00155,M012,W002,165,2027-05-22
B00156,M012,W002,201,2028-04-07
B00157,M012,W003,517,2026-10-12
B00158,M012,W003,239,2027-06-11
B00159,M012,W003,782,2028-08-18
B00160,M012,W004,232,2026-10-13
B00161,M012,W004,185,2028-01-30
B00162,M012,W005,523,2027-05-07
B00163,M012,W005,614,2028-08-26
B00164,M012,W006,900,2026-12-19
B00165,M012,W006,794,2027-11-29
B00166,M012,W006,1346,2028-08-03
B00167,M013,W001,112,2026-11-22
B00168,M013,W001,146,2026-12-08
B00169,M013,W001,97,2027-11-28
B00170,M013,W001,342,2028-06-10
B00171,M013,W002,431,2027-02-09
B00172,M013,W002,384,2028-04-19
B00173,M013,W002,175,2028-08-12
B00174,M013,W003,951,2027-12-31
B00175,M013,W003,175,2028-02-02
B00176,M013,W003,348,2028-02-04
B00177,M013,W004,279,2027-09-20
B00178,M013,W004,1617,2028-08-13
B00179,M013,W005,597,2027-07-12
B00180,M013,W005,179,2027-12-02
B00181,M013,W006,387,2027-03-31
B00182,M013,W006,65,2027-04-06
B00183,M013,W006,478,2027-04-21
B00184,M014,W001,1528,2027-02-07
B00185,M014,W002,38,2027-01-20
B00186,M014,W002,47,2027-11-04
B00187,M014,W002,56,2028-03-04
B00188,M014,W003,267,2026-09-27
B00189,M014,W003,309,2027-04-04
B00190,M014,W004,387,2027-06-10
B00191,M014,W004,87,2028-07-17
B00192,M014,W005,70,2027-06-05
B00193,M014,W005,57,2027-09-29
B00194,M014,W006,199,2027-04-16
B00195,M014,W006,434,2027-08-25
B00196,M014,W006,365,2028-05-05
B00197,M015,W001,95,2026-10-24
B00198,M015,W001,79,2028-03-26
B00199,M015,W002,395,2026-10-12
B00200,M015,W002,129,2028-01-14
B00201,M015,W003,20,2027-07-19
B00202,M015,W003,57,2027-08-29
B00203,M015,W004,542,2026-10-16
B00204,M015,W005,36,2028-05-14
B00205,M015,W006,50,2026-12-03
B00206,M015,W006,109,2026-12-04
B00207,M015,W006,298,2027-01-22
B00208,M016,W001,515,2027-07-20
B00209,M016,W001,49,2027-09-29
B00210,M016,W002,109,2027-05-07
B00211,M016,W002,63,2028-08-30
B00212,M016,W003,444,2027-04-10
B00213,M016,W003,114,2028-07-25
B00214,M016,W004,231,2027-02-01
B00215,M016,W004,124,2027-08-19
B00216,M016,W004,117,2028-03-09
B00217,M016,W004,174,2028-07-06
B00218,M016,W005,75,2027-03-27
B00219,M016,W005,45,2028-07-14
B00220,M016,W006,121,2027-12-02
B00221,M016,W006,846,2028-01-06
B00222,M016,W006,83,2028-02-16
B00223,M017,W001,27,2027-06-21
B00224,M017,W001,60,2028-01-24
B00225,M017,W001,17,2028-06-10
B00428,M017,W002,166,2026-08-31
B00226,M017,W002,364,2028-09-11
B00227,M017,W003,605,2027-10-27
B00228,M017,W003,1105,2028-01-05
B00229,M017,W004,162,2027-02-14
B00230,M017,W004,185,2027-12-10
B00231,M017,W004,253,2028-02-27
B00232,M017,W005,294,2026-11-11
B00233,M017,W005,136,2027-09-28
B00234,M017,W006,313,2026-11-18
B00235,M017,W006,207,2027-03-27
B00236,M018,W001,197,2027-06-22
B00237,M018,W001,145,2027-10-16
B00238,M018,W002,236,2026-10-14
B00239,M018,W002,107,2027-01-11
B00240,M018,W002,212,2028-01-16
B00241,M018,W003,1428,2027-09-15
B00242,M018,W003,852,2028-08-04
B00243,M018,W004,662,2028-09-02
B00244,M018,W005,97,2028-03-05
B00245,M018,W005,162,2028-07-17
B00246,M018,W006,183,2028-01-12
B00247,M018,W006,67,2028-05-09
B00248,M018,W006,215,2028-08-24
B00249,M019,W001,94,2027-04-30
B00250,M019,W001,14,2028-07-29
B00251,M019,W002,367,2027-01-18
B00252,M019,W002,194,2027-02-25
B00253,M019,W003,42,2026-11-01
B00254,M019,W003,104,2027-09-15
B00255,M019,W003,41,2028-02-08
B00256,M019,W004,190,2027-06-17
B00257,M019,W004,272,2027-06-23
B00258,M019,W004,84,2027-11-17
B00259,M019,W005,275,2028-01-12
B00260,M019,W005,282,2028-03-29
B00261,M019,W006,159,2026-12-17
B00262,M019,W006,201,2027-03-22
B00263,M019,W006,14,2028-08-28
B00264,M019,W006,74,2028-09-06
B00265,M020,W001,50,2027-01-12
B00266,M020,W001,148,2028-04-20
B00267,M020,W002,20,2026-10-31
B00268,M020,W002,19,2027-05-14
B00269,M020,W002,11,2027-07-27
B00270,M020,W002,68,2028-07-16
B00271,M020,W003,35,2026-11-16
B00272,M020,W003,21,2028-04-11
B00273,M020,W003,47,2028-05-29
B00274,M020,W003,34,2028-08-03
B00275,M020,W004,159,2027-03-27
B00276,M020,W004,308,2028-05-08
B00277,M020,W005,143,2028-03-17
B00278,M020,W005,24,2028-04-10
B00279,M020,W006,27,2026-12-14
B00280,M020,W006,48,2028-08-14
B00281,M021,W001,322,2027-05-20
B00282,M021,W001,281,2027-06-14
B00283,M021,W002,304,2027-08-09
B00284,M021,W002,25,2027-09-15
B00285,M021,W003,621,2028-06-07
B00286,M021,W004,402,2027-05-01
B00287,M021,W004,103,2027-10-21
B00288,M021,W004,201,2028-07-12
B00289,M021,W005,558,2027-09-10
B00290,M021,W005,235,2028-07-16
B00291,M021,W006,142,2028-01-16
B00292,M021,W006,424,2028-04-15
B00293,M022,W001,685,2028-02-08
B00294,M022,W001,797,2028-08-30
B00295,M022,W002,39,2026-11-25
B00296,M022,W002,13,2026-12-31
B00297,M022,W002,77,2028-08-21
B00298,M022,W003,26,2028-05-26
B00299,M022,W003,378,2028-08-05
B00300,M022,W004,992,2027-03-15
B00301,M022,W004,531,2027-07-18
B00302,M022,W004,1056,2028-05-08
B00303,M022,W005,94,2027-01-26
B00304,M022,W005,126,2028-04-04
B00305,M022,W006,177,2026-12-07
B00306,M022,W006,804,2027-11-18
B00307,M023,W001,418,2027-02-16
B00308,M023,W002,252,2027-10-23
B00309,M023,W002,245,2028-08-02
B00310,M023,W003,74,2026-12-05
B00311,M023,W003,21,2028-04-08
B00312,M023,W003,33,2028-07-06
B00313,M023,W004,297,2026-11-29
B00314,M023,W004,282,2027-01-28
B00315,M023,W004,454,2027-06-03
B00316,M023,W005,432,2026-11-06
B00317,M023,W005,296,2028-01-24
B00318,M023,W006,786,2027-06-09
B00319,M024,W001,30,2026-11-18
B00320,M024,W001,69,2027-08-20
B00321,M024,W001,34,2027-12-02
B00322,M024,W002,146,2026-10-09
B00323,M024,W003,145,2026-11-16
B00324,M024,W003,78,2028-01-16
B00325,M024,W003,89,2028-08-17
B00326,M024,W003,310,2028-08-25
B00327,M024,W004,136,2027-02-07
B00328,M024,W005,213,2026-12-31
B00329,M024,W005,26,2027-01-06
B00330,M024,W005,46,2028-07-31
B00331,M024,W006,928,2026-11-26
B00332,M024,W006,1180,2027-01-19
B00333,M025,W001,93,2028-06-19
B00334,M025,W001,24,2028-06-28
B00335,M025,W002,276,2027-01-22
B00336,M025,W002,158,2027-02-08
B00337,M025,W002,106,2027-05-14
B00338,M025,W002,289,2027-10-14
B00339,M025,W003,257,2026-10-15
B00340,M025,W003,49,2026-11-03
B00341,M025,W003,110,2027-04-21
B00342,M025,W004,30,2027-02-16
B00343,M025,W004,33,2027-03-12
B00344,M025,W004,74,2027-12-02
B00345,M025,W004,104,2028-03-05
B00346,M025,W005,836,2026-12-17
B00347,M025,W005,1074,2027-03-13
B00348,M025,W005,440,2028-05-05
B00349,M025,W006,1133,2027-07-03
B00350,M025,W006,762,2027-10-02
B00351,M025,W006,272,2028-01-12
B00352,M026,W001,113,2026-12-01
B00353,M026,W001,236,2027-04-19
B00354,M026,W001,85,2027-05-22
B00355,M026,W001,144,2028-07-15
B00356,M026,W002,179,2026-11-10
B00357,M026,W002,100,2027-07-06
B00358,M026,W002,266,2027-08-10
B00359,M026,W003,216,2028-01-27
B00360,M026,W003,415,2028-03-30
B00361,M026,W004,524,2027-11-24
B00362,M026,W004,196,2028-07-30
B00363,M026,W005,44,2027-08-13
B00364,M026,W005,127,2028-02-15
B00365,M026,W005,109,2028-06-02
B00366,M026,W005,104,2028-06-22
B00427,M026,W006,32,2026-08-19
B00367,M026,W006,63,2027-11-28
B00368,M027,W001,34,2028-06-05
B00369,M027,W001,80,2028-06-07
B00370,M027,W002,128,2026-11-29
B00371,M027,W002,42,2026-12-20
B00372,M027,W002,399,2028-04-08
B00373,M027,W003,120,2026-10-02
B00374,M027,W003,100,2027-02-21
B00375,M027,W004,1343,2027-03-29
B00376,M027,W004,761,2027-08-08
B00377,M027,W005,430,2028-08-20
B00378,M027,W006,1653,2027-05-12
B00379,M027,W006,200,2027-06-07
B00380,M028,W001,147,2026-10-01
B00381,M028,W001,329,2028-04-11
B00382,M028,W002,306,2027-06-18
B00383,M028,W002,400,2027-07-06
B00384,M028,W002,199,2028-01-24
B00385,M028,W003,179,2027-04-15
B00386,M028,W003,166,2027-07-11
B00387,M028,W004,1471,2027-06-29
B00388,M028,W004,1154,2028-06-14
B00389,M028,W005,108,2026-10-13
B00390,M028,W005,402,2027-01-09
B00391,M028,W006,195,2026-11-24
B00392,M028,W006,412,2028-04-18
B00393,M028,W006,369,2028-07-23
B00394,M029,W001,100,2027-05-31
B00395,M029,W001,352,2027-10-18
B00396,M029,W001,170,2028-03-28
B00397,M029,W002,62,2026-10-15
B00398,M029,W002,53,2027-05-15
B00399,M029,W002,72,2028-05-05
B00400,M029,W003,731,2027-04-14
B00401,M029,W003,917,2027-12-09
B00402,M029,W004,1635,2027-03-29
B00403,M029,W004,930,2028-03-14
B00404,M029,W005,165,2027-08-26
B00405,M029,W005,166,2028-06-21
B00406,M029,W005,241,2028-08-14
B00407,M029,W006,116,2027-02-17
B00408,M029,W006,157,2028-03-10
B00409,M029,W006,114,2028-08-20
B00410,M030,W001,178,2026-10-06
B00411,M030,W001,121,2027-12-02
B00412,M030,W002,89,2026-12-16
B00413,M030,W002,70,2028-02-21
B00426,M030,W003,33,2026-09-07
B00414,M030,W003,43,2028-01-20
B00415,M030,W004,49,2027-09-25
B00416,M030,W004,19,2028-03-31
B00417,M030,W005,22,2026-10-10
B00418,M030,W005,20,2026-12-21
B00419,M030,W005,9,2027-11-05
B00420,M030,W005,11,2028-06-07
B00421,M030,W006,99,2027-01-27
B00422,M030,W006,198,2028-08-20
