sku_id,warehouse_id,current_stock,min_threshold,safety_stock,capacity,lead_time_days
M001,W001,450,200,100,2000,5
M001,W002,120,200,80,1500,5
M001,W003,380,200,100,1800,6
M001,W004,850,250,100,2500,5
M001,W005,520,200,100,2000,5
M001,W006,410,200,90,1800,4
M002,W001,3135,340,140,3300,5
M002,W002,418,340,180,3200,5
M002,W003,383,270,160,2500,5
M002,W004,3230,330,220,3400,5
M002,W005,2774,330,130,3200,6
M002,W006,1176,310,130,2800,3
M003,W001,107,180,80,2200,5
M003,W002,402,140,60,1600,5
M003,W003,1330,160,100,1400,7
M003,W004,435,160,90,1800,4
M003,W005,950,130,50,1000,6
M003,W006,130,170,80,1800,3
M004,W001,521,310,150,2400,6
M004,W002,410,300,130,2900,4
M004,W003,123,330,180,2800,5
M004,W004,253,360,150,3200,5
M004,W005,42,240,110,2200,8
M004,W006,384,300,150,3100,5
M005,W001,388,150,80,1300,6
M005,W002,54,170,60,1200,5
M005,W003,465,180,80,1400,7
M005,W004,551,180,90,2000,4
M005,W005,329,150,60,1400,6
M005,W006,179,160,90,1400,5
M006,W001,1995,270,90,2100,6
M006,W002,123,220,70,2000,4
M006,W003,88,180,80,1800,7
M006,W004,1808,250,100,2400,4
M006,W005,481,180,70,1900,6
M006,W006,1995,220,90,2100,4
M007,W001,492,310,130,3200,5
M007,W002,709,280,100,2600,5
M007,W003,1109,270,180,3400,6
M007,W004,795,330,140,3300,4
M007,W005,258,210,110,2200,7
M007,W006,584,220,100,2100,5
M008,W001,193,270,120,2600,5
M008,W002,618,210,120,2300,4
M008,W003,644,280,150,2400,5
M008,W004,789,270,110,2000,6
M008,W005,1995,240,90,2100,7
M008,W006,703,240,110,1700,4
M009,W001,811,290,130,2400,6
M009,W002,162,230,80,2200,5
M009,W003,1278,240,110,2600,6
M009,W004,1313,360,140,3000,6
M009,W005,242,220,110,2300,6
M009,W006,851,250,110,2800,5
M010,W001,1985,320,150,2700,5
M010,W002,2945,350,180,3100,5
M010,W003,3135,340,140,3300,6
M010,W004,859,370,150,3000,4
M010,W005,1995,270,120,2100,6
M010,W006,780,320,140,3100,4
M011,W001,876,290,170,2600,5
M011,W002,1807,300,160,3300,4
M011,W003,547,260,140,2200,6
M011,W004,519,340,130,4000,6
M011,W005,2375,260,130,2500,8
M011,W006,3325,320,150,3500,4
M012,W001,1163,470,200,3900,6
M012,W002,704,330,180,2800,5
M012,W003,1538,380,150,3800,7
M012,W004,417,380,220,3400,4
M012,W005,1137,360,150,2500,7
M012,W006,3040,350,130,3200,4
M013,W001,697,360,120,3300,5
M013,W002,990,310,110,3500,5
M013,W003,1474,300,160,2800,5
M013,W004,1896,380,210,3500,5
M013,W005,776,230,120,2600,7
M013,W006,930,280,120,3000,5
M014,W001,1528,250,120,2500,5
M014,W002,141,210,140,2500,5
M014,W003,576,210,130,2500,7
M014,W004,474,320,100,2500,6
M014,W005,127,230,100,1800,6
M014,W006,998,260,110,2700,5
M015,W001,174,230,100,2400,5
M015,W002,524,150,80,1600,5
M015,W003,77,160,70,1400,7
M015,W004,542,170,110,1900,4
M015,W005,36,130,80,1300,8
M015,W006,457,140,80,1700,3
M016,W001,564,320,190,3200,5
M016,W002,172,300,140,2400,5
M016,W003,558,290,140,3300,6
M016,W004,646,320,170,3600,4
M016,W005,120,240,90,2400,8
M016,W006,1050,240,100,2500,4
M017,W001,104,230,120,2800,4
M017,W002,530,230,100,1700,4
M017,W003,1710,180,70,1800,6
M017,W004,600,250,90,2100,4
M017,W005,430,180,80,1800,6
M017,W006,520,200,70,2200,4
M018,W001,342,260,100,1800,6
M018,W002,555,200,130,2600,5
M018,W003,2280,210,120,2400,7
M018,W004,662,300,150,2400,5
M018,W005,259,210,120,1900,7
M018,W006,465,210,100,2300,3
M019,W001,108,180,80,1500,5
M019,W002,561,150,60,1300,4
M019,W003,187,190,80,1700,7
M019,W004,546,190,80,1500,5
M019,W005,557,140,70,1300,7
M019,W006,448,140,90,1400,3
M020,W001,198,170,80,1400,4
M020,W002,118,170,70,1400,4
M020,W003,137,220,100,1700,5
M020,W004,467,190,70,1900,6
M020,W005,167,180,100,1400,8
M020,W006,75,180,100,1600,4
M021,W001,603,290,130,2500,6
M021,W002,329,260,120,2400,6
M021,W003,621,230,80,1800,5
M021,W004,706,300,130,2500,5
M021,W005,793,160,80,2100,8
M021,W006,566,260,100,2600,4
M022,W001,1482,290,120,3600,6
M022,W002,129,250,110,2600,5
M022,W003,404,230,100,2500,7
M022,W004,2579,320,170,3300,4
M022,W005,220,190,90,1900,8
M022,W006,981,260,120,2300,3
M023,W001,418,320,190,4000,5
M023,W002,497,320,140,2600,4
M023,W003,128,370,140,2800,7
M023,W004,1033,300,110,3400,5
M023,W005,728,210,100,2800,7
M023,W006,786,300,150,2900,4
M024,W001,133,230,130,2800,5
M024,W002,146,200,90,2100,6
M024,W003,622,280,140,1900,5
M024,W004,136,240,120,2700,6
M024,W005,285,180,110,1900,6
M024,W006,2108,190,80,2300,5
M025,W001,117,350,160,3000,5
M025,W002,829,250,110,2500,5
M025,W003,416,360,180,2800,6
M025,W004,241,380,190,2800,4
M025,W005,2350,270,130,2600,7
M025,W006,2167,220,130,3000,5
M026,W001,578,190,90,2000,5
M026,W002,545,190,90,1700,6
M026,W003,631,220,100,2300,6
M026,W004,720,230,100,2300,4
M026,W005,384,150,100,2000,8
M026,W006,95,180,90,1900,3
M027,W001,114,340,150,3400,6
M027,W002,569,300,160,2500,6
M027,W003,220,300,170,3800,6
M027,W004,2104,360,180,3200,6
M027,W005,430,220,100,2300,8
M027,W006,1853,270,180,3500,4
M028,W001,476,250,140,3000,5
M028,W002,905,270,150,2600,5
M028,W003,345,340,150,3200,6
M028,W004,2625,370,160,3700,6
M028,W005,510,220,90,2300,7
M028,W006,976,290,100,2900,4
M029,W001,622,300,100,2000,5
M029,W002,187,220,110,1900,6
M029,W003,1648,300,110,2400,6
M029,W004,2565,280,170,2700,6
M029,W005,572,210,100,1600,6
M029,W006,387,180,70,1700,4
M030,W001,299,200,80,1600,6
M030,W002,159,190,70,1800,4
M030,W003,76,160,90,1400,7
M030,W004,68,180,80,2000,4
M030,W005,62,140,60,1400,6
M030,W006,297,160,60,1200,5
