notification_id,created_at_utc,alert_date,sku_id,warehouse_id,alert_type,severity,recommended_action,channel,recipient,subject,message,status,delivery_ref,error
0192c5f14696431fbdc7dd80903ac9d0,2026-09-27T17:55:27+00:00,2026-09-30,M012,W004,STOCKOUT_RISK_HIGH,HIGH,TRANSFER,EMAIL,Nishit02209@gmail.com,STOCKOUT_RISK_HIGH: M012 / W004,HIGH stock-out risk for M012 at W004: projected usable inventory -6.19 after 4-day lead-time demand of 423.19 (safety stock 220). Shortage 226.19 units. Seasonal demand signal: SEASONAL (historical seasonal demand pattern).,SENT,<179053172783.41670.8274938008431876934@medcare.local>,
02a8516e5312421e8e9b417b89ae0617,2026-09-27T17:55:27+00:00,2026-09-30,M006,W002,STOCKOUT_RISK_HIGH,HIGH,TRANSFER,EMAIL,Nishit02209@gmail.com,STOCKOUT_RISK_HIGH: M006 / W002,HIGH stock-out risk for M006 at W002: projected usable inventory -20.06 after 4-day lead-time demand of 143.06 (safety stock 70). Shortage 90.06 units.,SENT,<179053172783.41670.8274938008431876934@medcare.local>,
08a59dbb916643369caf5a77b1c777f3,2026-09-27T17:55:27+00:00,2026-09-30,M027,W003,STOCKOUT_RISK_HIGH,HIGH,TRANSFER,EMAIL,Nishit02209@gmail.com,STOCKOUT_RISK_HIGH: M027 / W003,HIGH stock-out risk for M027 at W003: projected usable inventory -121.33 after 6-day lead-time demand of 341.33 (safety stock 170). Shortage 291.33 units.,SENT,<179053172783.41670.8274938008431876934@medcare.local>,
098fd5a55bf44a36a98c65bfb28d73f2,2026-09-27T17:55:27+00:00,2026-09-30,M004,W004,STOCKOUT_RISK_HIGH,HIGH,REORDER,EMAIL,Nishit02209@gmail.com,STOCKOUT_RISK_HIGH: M004 / W004,HIGH stock-out risk for M004 at W004: projected usable inventory -8.20 after 5-day lead-time demand of 261.20 (safety stock 150). Shortage 158.20 units.,SENT,<179053172783.41670.8274938008431876934@medcare.local>,
0f456fd46a8445a1af6711a8830a94f6,2026-09-27T17:55:27+00:00,2026-09-30,M018,W005,STOCKOUT_RISK_HIGH,HIGH,TRANSFER,EMAIL,Nishit02209@gmail.com,STOCKOUT_RISK_HIGH: M018 / W005,HIGH stock-out risk for M018 at W005: projected usable inventory -0.25 after 7-day lead-time demand of 259.25 (safety stock 120). Shortage 120.25 units.,SENT,<179053172783.41670.8274938008431876934@medcare.local>,
1307a39b77174b1e88f319cfc705170f,2026-09-27T17:55:27+00:00,2026-09-30,M015,W004,EXPIRY_RISK_HIGH,HIGH,TRANSFER,EMAIL,Nishit02209@gmail.com,EXPIRY_RISK_HIGH: M015 / W004,"HIGH expiry risk for M015 at W004: 13.52 usable units are forecast to expire before they are consumed. 13 units scheduled for transfer to W001, W003, W005.",SENT,<179053172783.41670.8274938008431876934@medcare.local>,
1886547f9e9741b58ff4114858b58d9f,2026-09-27T17:55:27+00:00,2026-09-30,M029,W002,STOCKOUT_RISK_HIGH,HIGH,TRANSFER,EMAIL,Nishit02209@gmail.com,STOCKOUT_RISK_HIGH: M029 / W002,HIGH stock-out risk for M029 at W002: projected usable inventory -35.98 after 6-day lead-time demand of 222.98 (safety stock 110). Shortage 145.98 units.,SENT,<179053172783.41670.8274938008431876934@medcare.local>,
188e9c6ad4f24931b78436a812e06cb3,2026-09-27T17:55:27+00:00,2026-09-30,M016,W002,STOCKOUT_RISK_HIGH,HIGH,TRANSFER,EMAIL,Nishit02209@gmail.com,STOCKOUT_RISK_HIGH: M016 / W002,HIGH stock-out risk for M016 at W002: projected usable inventory -67.93 after 5-day lead-time demand of 239.93 (safety stock 140). Shortage 207.93 units.,SENT,<179053172783.41670.8274938008431876934@medcare.local>,
1bd058ed00ac41afae3ae65a3bced880,2026-09-27T17:55:27+00:00,2026-09-30,M020,W002,STOCKOUT_RISK_HIGH,HIGH,REORDER,EMAIL,Nishit02209@gmail.com,STOCKOUT_RISK_HIGH: M020 / W002,HIGH stock-out risk for M020 at W002: projected usable inventory -9.90 after 4-day lead-time demand of 127.90 (safety stock 70). Shortage 79.90 units.,SENT,<179053172783.41670.8274938008431876934@medcare.local>,
1e85e4c6dcfc4e31b2c48a9754763e55,2026-09-27T17:55:27+00:00,2026-09-30,M020,W003,STOCKOUT_RISK_HIGH,HIGH,REORDER,EMAIL,Nishit02209@gmail.com,STOCKOUT_RISK_HIGH: M020 / W003,HIGH stock-out risk for M020 at W003: projected usable inventory -28.53 after 5-day lead-time demand of 165.53 (safety stock 100). Shortage 128.53 units.,SENT,<179053172783.41670.8274938008431876934@medcare.local>,
2750784c967149189b87b5f13df8289f,2026-09-27T17:55:27+00:00,2026-09-30,M024,W004,STOCKOUT_RISK_HIGH,HIGH,TRANSFER,EMAIL,Nishit02209@gmail.com,STOCKOUT_RISK_HIGH: M024 / W004,HIGH stock-out risk for M024 at W004: projected usable inventory -96.00 after 6-day lead-time demand of 232.00 (safety stock 120). Shortage 216.00 units.,SENT,<179053172783.41670.8274938008431876934@medcare.local>,
33de453a259b4a6eb6d8c11e769ae43e,2026-09-27T17:55:27+00:00,2026-09-30,M006,W003,STOCKOUT_RISK_HIGH,HIGH,TRANSFER,EMAIL,Nishit02209@gmail.com,STOCKOUT_RISK_HIGH: M006 / W003,HIGH stock-out risk for M006 at W003: projected usable inventory -162.73 after 7-day lead-time demand of 250.73 (safety stock 80). Shortage 242.73 units.,SENT,<179053172783.41670.8274938008431876934@medcare.local>,
3c85edc16c1941be815019ff135fbcd1,2026-09-27T17:55:27+00:00,2026-09-30,M024,W002,STOCKOUT_RISK_HIGH,HIGH,TRANSFER,EMAIL,Nishit02209@gmail.com,STOCKOUT_RISK_HIGH: M024 / W002,HIGH stock-out risk for M024 at W002: projected usable inventory -50.90 after 6-day lead-time demand of 196.90 (safety stock 90). Shortage 140.90 units.,SENT,<179053172783.41670.8274938008431876934@medcare.local>,
474e02ac91384ea08050f9cac193d192,2026-09-27T17:55:27+00:00,2026-09-30,M004,W003,STOCKOUT_RISK_HIGH,HIGH,REORDER,EMAIL,Nishit02209@gmail.com,STOCKOUT_RISK_HIGH: M004 / W003,HIGH stock-out risk for M004 at W003: projected usable inventory -185.53 after 5-day lead-time demand of 259.53 (safety stock 180). Shortage 365.53 units.,SENT,<179053172783.41670.8274938008431876934@medcare.local>,
47c54be70d7b490ca812b6e612c2de8b,2026-09-27T17:55:27+00:00,2026-09-30,M025,W004,STOCKOUT_RISK_HIGH,HIGH,TRANSFER,EMAIL,Nishit02209@gmail.com,STOCKOUT_RISK_HIGH: M025 / W004,HIGH stock-out risk for M025 at W004: projected usable inventory -4.06 after 4-day lead-time demand of 245.06 (safety stock 190). Shortage 194.06 units.,SENT,<179053172783.41670.8274938008431876934@medcare.local>,
51376a62d4e940b994cdb58f2102bdb3,2026-09-27T17:55:27+00:00,2026-09-30,M015,W005,STOCKOUT_RISK_HIGH,HIGH,TRANSFER,EMAIL,Nishit02209@gmail.com,STOCKOUT_RISK_HIGH: M015 / W005,HIGH stock-out risk for M015 at W005: projected usable inventory -156.50 after 8-day lead-time demand of 192.50 (safety stock 80). Shortage 236.50 units.,SENT,<179053172783.41670.8274938008431876934@medcare.local>,
62c94c1089d64c8e846c2e47431ede48,2026-09-27T17:55:27+00:00,2026-09-30,M022,W005,STOCKOUT_RISK_HIGH,HIGH,TRANSFER,EMAIL,Nishit02209@gmail.com,STOCKOUT_RISK_HIGH: M022 / W005,HIGH stock-out risk for M022 at W005: projected usable inventory -84.80 after 8-day lead-time demand of 304.80 (safety stock 90). Shortage 174.80 units.,SENT,<179053172783.41670.8274938008431876934@medcare.local>,
650494213e23455aa06742c1d51a49b8,2026-09-27T17:55:27+00:00,2026-09-30,M009,W002,STOCKOUT_RISK_HIGH,HIGH,TRANSFER,EMAIL,Nishit02209@gmail.com,STOCKOUT_RISK_HIGH: M009 / W002,HIGH stock-out risk for M009 at W002: projected usable inventory -121.42 after 5-day lead-time demand of 283.42 (safety stock 80). Shortage 201.42 units. Seasonal demand signal: SEASONAL (historical seasonal demand pattern).,SENT,<179053172783.41670.8274938008431876934@medcare.local>,
6af18fb6222f46c091ab5461025295a5,2026-09-27T17:55:27+00:00,2026-09-30,M025,W001,STOCKOUT_RISK_HIGH,HIGH,TRANSFER,EMAIL,Nishit02209@gmail.com,STOCKOUT_RISK_HIGH: M025 / W001,HIGH stock-out risk for M025 at W001: projected usable inventory -127.99 after 5-day lead-time demand of 244.99 (safety stock 160). Shortage 287.99 units.,SENT,<179053172783.41670.8274938008431876934@medcare.local>,
70400434f1b2445a9e1aedd5be4acbe0,2026-09-27T17:55:27+00:00,2026-09-30,M009,W005,STOCKOUT_RISK_HIGH,HIGH,TRANSFER,EMAIL,Nishit02209@gmail.com,STOCKOUT_RISK_HIGH: M009 / W005,HIGH stock-out risk for M009 at W005: projected usable inventory -117.73 after 6-day lead-time demand of 359.73 (safety stock 110). Shortage 227.73 units. Seasonal demand signal: SEASONAL (historical seasonal demand pattern).,SENT,<179053172783.41670.8274938008431876934@medcare.local>,
73036485a06543d3b05b80e25632d2e2,2026-09-27T17:55:27+00:00,2026-09-30,M008,W001,STOCKOUT_RISK_HIGH,HIGH,TRANSFER,EMAIL,Nishit02209@gmail.com,STOCKOUT_RISK_HIGH: M008 / W001,HIGH stock-out risk for M008 at W001: projected usable inventory -34.05 after 5-day lead-time demand of 227.05 (safety stock 120). Shortage 154.05 units.,SENT,<179053172783.41670.8274938008431876934@medcare.local>,
78503f5244fb4c848c0189bc960f52db,2026-09-27T17:55:27+00:00,2026-09-30,M001,W002,STOCKOUT_RISK_HIGH,HIGH,TRANSFER,EMAIL,Nishit02209@gmail.com,STOCKOUT_RISK_HIGH: M001 / W002,HIGH stock-out risk for M001 at W002: projected usable inventory -247.79 after 5-day lead-time demand of 367.79 (safety stock 80). Shortage 327.79 units. Seasonal demand signal: ELEVATED (historical seasonal demand pattern).,SENT,<179053172783.41670.8274938008431876934@medcare.local>,
7a975dba43084faf973f7592ed51803f,2026-09-27T17:55:27+00:00,2026-09-30,M028,W001,EXPIRY_RISK_HIGH,HIGH,NO_ACTION,EMAIL,Nishit02209@gmail.com,EXPIRY_RISK_HIGH: M028 / W001,HIGH expiry risk for M028 at W001: 97.63 usable units are forecast to expire before they are consumed. It cannot be moved: it expires within the 2-day transfer transit or no other warehouse can use it before expiry.,SENT,<179053172783.41670.8274938008431876934@medcare.local>,
7bc74707c21346668a6de79c56123368,2026-09-27T17:55:27+00:00,2026-09-30,M003,W001,STOCKOUT_RISK_HIGH,HIGH,TRANSFER,EMAIL,Nishit02209@gmail.com,STOCKOUT_RISK_HIGH: M003 / W001,HIGH stock-out risk for M003 at W001: projected usable inventory -48.30 after 5-day lead-time demand of 155.30 (safety stock 80). Shortage 128.30 units.,SENT,<179053172783.41670.8274938008431876934@medcare.local>,
87dd4671c9284e1ba16ca30b91313621,2026-09-27T17:55:27+00:00,2026-09-30,M030,W004,STOCKOUT_RISK_HIGH,HIGH,REORDER,EMAIL,Nishit02209@gmail.com,STOCKOUT_RISK_HIGH: M030 / W004,HIGH stock-out risk for M030 at W004: projected usable inventory -69.79 after 4-day lead-time demand of 137.79 (safety stock 80). Shortage 149.79 units.,SENT,<179053172783.41670.8274938008431876934@medcare.local>,
89431d7f617e434098fa0971ecec556b,2026-09-27T17:55:27+00:00,2026-09-30,M020,W005,STOCKOUT_RISK_HIGH,HIGH,TRANSFER,EMAIL,Nishit02209@gmail.com,STOCKOUT_RISK_HIGH: M020 / W005,HIGH stock-out risk for M020 at W005: projected usable inventory -81.01 after 8-day lead-time demand of 248.01 (safety stock 100). Shortage 181.01 units.,SENT,<179053172783.41670.8274938008431876934@medcare.local>,
8c7ced38982440a094d7a547c00d6c82,2026-09-27T17:55:27+00:00,2026-09-30,M027,W001,STOCKOUT_RISK_HIGH,HIGH,TRANSFER,EMAIL,Nishit02209@gmail.com,STOCKOUT_RISK_HIGH: M027 / W001,HIGH stock-out risk for M027 at W001: projected usable inventory -210.50 after 6-day lead-time demand of 324.50 (safety stock 150). Shortage 360.50 units.,SENT,<179053172783.41670.8274938008431876934@medcare.local>,
940dfe1bc3164a9a8f6965b23ddeade5,2026-09-27T17:55:27+00:00,2026-09-30,M022,W002,STOCKOUT_RISK_HIGH,HIGH,TRANSFER,EMAIL,Nishit02209@gmail.com,STOCKOUT_RISK_HIGH: M022 / W002,HIGH stock-out risk for M022 at W002: projected usable inventory -86.57 after 5-day lead-time demand of 215.57 (safety stock 110). Shortage 196.57 units.,SENT,<179053172783.41670.8274938008431876934@medcare.local>,
9b64ac41a68545de86ed4b832053566a,2026-09-27T17:55:27+00:00,2026-09-30,M023,W003,STOCKOUT_RISK_HIGH,HIGH,TRANSFER,EMAIL,Nishit02209@gmail.com,STOCKOUT_RISK_HIGH: M023 / W003,HIGH stock-out risk for M023 at W003: projected usable inventory -318.39 after 7-day lead-time demand of 446.39 (safety stock 140). Shortage 458.39 units.,SENT,<179053172783.41670.8274938008431876934@medcare.local>,
9e201b51077b42d79f3a87659fa11d1d,2026-09-27T17:55:27+00:00,2026-09-30,M015,W002,EXPIRY_RISK_HIGH,HIGH,TRANSFER,EMAIL,Nishit02209@gmail.com,EXPIRY_RISK_HIGH: M015 / W002,"HIGH expiry risk for M015 at W002: 58.49 usable units are forecast to expire before they are consumed. 58 units scheduled for transfer to W003, W005.",SENT,<179053172783.41670.8274938008431876934@medcare.local>,
a52d920d58cc4943b10d2d3144305295,2026-09-27T17:55:27+00:00,2026-09-30,M005,W002,STOCKOUT_RISK_HIGH,HIGH,TRANSFER,EMAIL,Nishit02209@gmail.com,STOCKOUT_RISK_HIGH: M005 / W002,HIGH stock-out risk for M005 at W002: projected usable inventory -66.47 after 5-day lead-time demand of 120.47 (safety stock 60). Shortage 126.47 units.,SENT,<179053172783.41670.8274938008431876934@medcare.local>,
ac82f6af267841599111b265fe08e2d4,2026-09-27T17:55:27+00:00,2026-09-30,M019,W001,STOCKOUT_RISK_HIGH,HIGH,TRANSFER,EMAIL,Nishit02209@gmail.com,STOCKOUT_RISK_HIGH: M019 / W001,HIGH stock-out risk for M019 at W001: projected usable inventory -36.74 after 5-day lead-time demand of 144.74 (safety stock 80). Shortage 116.74 units.,SENT,<179053172783.41670.8274938008431876934@medcare.local>,
b24c5e30e66d4f81904988d35b3e43b3,2026-09-27T17:55:27+00:00,2026-09-30,M007,W005,STOCKOUT_RISK_HIGH,HIGH,TRANSFER,EMAIL,Nishit02209@gmail.com,STOCKOUT_RISK_HIGH: M007 / W005,HIGH stock-out risk for M007 at W005: projected usable inventory -21.17 after 7-day lead-time demand of 279.17 (safety stock 110). Shortage 131.17 units.,SENT,<179053172783.41670.8274938008431876934@medcare.local>,
b87f24aaf2854724b6b1dd33eb2c5143,2026-09-27T17:55:27+00:00,2026-09-30,M004,W005,STOCKOUT_RISK_HIGH,HIGH,REORDER,EMAIL,Nishit02209@gmail.com,STOCKOUT_RISK_HIGH: M004 / W005,HIGH stock-out risk for M004 at W005: projected usable inventory -285.37 after 8-day lead-time demand of 327.37 (safety stock 110). Shortage 395.37 units.,SENT,<179053172783.41670.8274938008431876934@medcare.local>,
beee0a5863f1476dbf176a67b002b1fa,2026-09-27T17:55:27+00:00,2026-09-30,M030,W003,STOCKOUT_RISK_HIGH,HIGH,REORDER,EMAIL,Nishit02209@gmail.com,STOCKOUT_RISK_HIGH: M030 / W003,HIGH stock-out risk for M030 at W003: projected usable inventory -156.16 after 7-day lead-time demand of 199.16 (safety stock 90). Shortage 246.16 units.,SENT,<179053172783.41670.8274938008431876934@medcare.local>,
c6a02142c0c4420eab0c9e3c19bc7276,2026-09-27T17:55:27+00:00,2026-09-30,M017,W001,STOCKOUT_RISK_HIGH,HIGH,TRANSFER,EMAIL,Nishit02209@gmail.com,STOCKOUT_RISK_HIGH: M017 / W001,HIGH stock-out risk for M017 at W001: projected usable inventory -68.43 after 4-day lead-time demand of 172.43 (safety stock 120). Shortage 188.43 units.,SENT,<179053172783.41670.8274938008431876934@medcare.local>,
c7248a4628214d2d9585d549ff6f55f8,2026-09-27T17:55:27+00:00,2026-09-30,M014,W002,STOCKOUT_RISK_HIGH,HIGH,TRANSFER,EMAIL,Nishit02209@gmail.com,STOCKOUT_RISK_HIGH: M014 / W002,HIGH stock-out risk for M014 at W002: projected usable inventory -57.70 after 5-day lead-time demand of 198.70 (safety stock 140). Shortage 197.70 units.,SENT,<179053172783.41670.8274938008431876934@medcare.local>,
cf8094df670944cda9997776bf175d24,2026-09-27T17:55:27+00:00,2026-09-30,M014,W005,STOCKOUT_RISK_HIGH,HIGH,TRANSFER,EMAIL,Nishit02209@gmail.com,STOCKOUT_RISK_HIGH: M014 / W005,HIGH stock-out risk for M014 at W005: projected usable inventory -82.36 after 6-day lead-time demand of 209.36 (safety stock 100). Shortage 182.36 units.,SENT,<179053172783.41670.8274938008431876934@medcare.local>,
d08a57081ad94d96a4d71e90d26d7367,2026-09-27T17:55:27+00:00,2026-09-30,M030,W005,STOCKOUT_RISK_HIGH,HIGH,REORDER,EMAIL,Nishit02209@gmail.com,STOCKOUT_RISK_HIGH: M030 / W005,HIGH stock-out risk for M030 at W005: projected usable inventory -73.08 after 6-day lead-time demand of 135.08 (safety stock 60). Shortage 133.08 units.,SENT,<179053172783.41670.8274938008431876934@medcare.local>,
d2746c8d1ef2461d8d68347c08649300,2026-09-27T17:55:27+00:00,2026-09-30,M020,W006,STOCKOUT_RISK_HIGH,HIGH,REORDER,EMAIL,Nishit02209@gmail.com,STOCKOUT_RISK_HIGH: M020 / W006,HIGH stock-out risk for M020 at W006: projected usable inventory -42.49 after 4-day lead-time demand of 117.49 (safety stock 100). Shortage 142.49 units.,SENT,<179053172783.41670.8274938008431876934@medcare.local>,
d5fd6de5a00749518fa6030eefe6f149,2026-09-27T17:55:27+00:00,2026-09-30,M016,W005,STOCKOUT_RISK_HIGH,HIGH,TRANSFER,EMAIL,Nishit02209@gmail.com,STOCKOUT_RISK_HIGH: M016 / W005,HIGH stock-out risk for M016 at W005: projected usable inventory -219.33 after 8-day lead-time demand of 339.33 (safety stock 90). Shortage 309.33 units.,SENT,<179053172783.41670.8274938008431876934@medcare.local>,
dda73fa7244846d1a7583554b4f19d7c,2026-09-27T17:55:27+00:00,2026-09-30,M027,W003,EXPIRY_RISK_HIGH,HIGH,TRANSFER,EMAIL,Nishit02209@gmail.com,EXPIRY_RISK_HIGH: M027 / W003,HIGH expiry risk for M027 at W003: 0.41 usable units are forecast to expire before they are consumed. It cannot be moved: it expires within the 2-day transfer transit or no other warehouse can use it before expiry.,SENT,<179053172783.41670.8274938008431876934@medcare.local>,
e5da3be026d046ca923bb38823e19aab,2026-09-27T17:55:27+00:00,2026-09-30,M019,W003,STOCKOUT_RISK_HIGH,HIGH,TRANSFER,EMAIL,Nishit02209@gmail.com,STOCKOUT_RISK_HIGH: M019 / W003,HIGH stock-out risk for M019 at W003: projected usable inventory -11.64 after 7-day lead-time demand of 198.64 (safety stock 80). Shortage 91.64 units.,SENT,<179053172783.41670.8274938008431876934@medcare.local>,
eb86accae4ec41d88cef923c1d5b3f7a,2026-09-27T17:55:27+00:00,2026-09-30,M002,W003,STOCKOUT_RISK_HIGH,HIGH,TRANSFER,EMAIL,Nishit02209@gmail.com,STOCKOUT_RISK_HIGH: M002 / W003,HIGH stock-out risk for M002 at W003: projected usable inventory -35.15 after 5-day lead-time demand of 418.15 (safety stock 160). Shortage 195.15 units. Seasonal demand signal: ELEVATED (historical seasonal demand pattern).,SENT,<179053172783.41670.8274938008431876934@medcare.local>,
f1ef19a74e4449ef92888c77f3ff723a,2026-09-27T17:55:27+00:00,2026-09-30,M026,W006,STOCKOUT_RISK_HIGH,HIGH,TRANSFER,EMAIL,Nishit02209@gmail.com,STOCKOUT_RISK_HIGH: M026 / W006,HIGH stock-out risk for M026 at W006: projected usable inventory -36.53 after 3-day lead-time demand of 99.53 (safety stock 90). Shortage 126.53 units.,SENT,<179053172783.41670.8274938008431876934@medcare.local>,
f94d3588afaa4334823e65ac056f417a,2026-09-27T17:55:27+00:00,2026-09-30,M015,W003,STOCKOUT_RISK_HIGH,HIGH,TRANSFER,EMAIL,Nishit02209@gmail.com,STOCKOUT_RISK_HIGH: M015 / W003,HIGH stock-out risk for M015 at W003: projected usable inventory -114.08 after 7-day lead-time demand of 191.08 (safety stock 70). Shortage 184.08 units.,SENT,<179053172783.41670.8274938008431876934@medcare.local>,
fa447fbf451b481f805423b40923ca17,2026-09-27T17:55:27+00:00,2026-09-30,M024,W001,STOCKOUT_RISK_HIGH,HIGH,TRANSFER,EMAIL,Nishit02209@gmail.com,STOCKOUT_RISK_HIGH: M024 / W001,HIGH stock-out risk for M024 at W001: projected usable inventory -78.54 after 5-day lead-time demand of 211.54 (safety stock 130). Shortage 208.54 units.,SENT,<179053172783.41670.8274938008431876934@medcare.local>,
