sku_id,source_warehouse,destination_warehouse,batch_id,transfer_quantity,transfer_type,expiry_date,days_to_expiry,destination_consumption_before_expiry,source_usable_before,source_usable_after,destination_usable_before,destination_usable_after,reason
M001,W004,W002,B00006,250,SHORTAGE_EXCESS,2026-10-14,14,862.05,850,600,120,370,Shortage at W002 (327.79 units); W004 holds 524.71 units above its required stock (325.29)
M001,W001,W002,B00001,78,SHORTAGE_EXCESS,2027-01-02,94,6335.66,450,372,370,448,Shortage at W002 (77.79 units); W001 holds 109.38 units above its required stock (340.62)
M002,W005,W003,B00025,196,SHORTAGE_EXCESS,2026-12-14,75,6096.14,2774,2578,383,579,"Shortage at W003 (195.15 units); W005 holds 2,172.17 units above its required stock (601.83)"
M002,W005,W002,B00025,170,SHORTAGE_EXCESS,2026-12-14,75,6067.54,2578,2408,418,588,"Shortage at W002 (169.65 units); W005 holds 1,976.17 units above its required stock (601.83)"
M003,W004,W001,B00038,89,SHORTAGE_EXCESS,2026-11-07,38,1152.6,435,346,107,196,Shortage at W001 (128.30 units); W004 holds 229.98 units above its required stock (205.02)
M003,W003,W001,B00035,40,SHORTAGE_EXCESS,2026-11-16,47,1352.3,1330,1290,196,236,"Shortage at W001 (39.30 units); W003 holds 1,032.28 units above its required stock (297.72)"
M003,W003,W006,B00035,36,SHORTAGE_EXCESS,2026-11-16,47,1285.69,1290,1254,130,166,Shortage at W006 (35.08 units); W003 holds 992.28 units above its required stock (297.72)
M004,W002,W005,B00046,97,SHORTAGE_EXCESS,2027-11-18,414,16533.23,410,313,42,139,Shortage at W005 (395.37 units); W002 holds 97.06 units above its required stock (312.94)
M004,W001,W005,B00044,54,SHORTAGE_EXCESS,2028-07-24,663,26425.22,521,467,139,193,Shortage at W005 (298.37 units); W001 holds 54.61 units above its required stock (466.39)
M005,W003,W002,B00061,127,SHORTAGE_EXCESS,2026-12-08,69,1628.2,465,338,54,181,Shortage at W002 (126.47 units); W003 holds 192.40 units above its required stock (272.60)
M005,W003,W006,B00061,43,SHORTAGE_EXCESS,2026-12-08,69,1836.41,338,295,179,222,Shortage at W006 (42.43 units); W003 holds 65.40 units above its required stock (272.60)
M006,W004,W003,B00078,125,SHORTAGE_EXCESS,2026-11-14,45,1537.46,1808,1683,88,213,"Shortage at W003 (242.73 units); W004 holds 1,545.83 units above its required stock (262.17)"
M006,W005,W003,B00081,118,SHORTAGE_EXCESS,2026-12-16,77,2558.67,481,363,213,331,Shortage at W003 (117.73 units); W005 holds 230.05 units above its required stock (250.95)
M006,W005,W002,B00081,35,SHORTAGE_EXCESS,2026-12-16,77,2658.66,363,328,123,158,Shortage at W002 (90.06 units); W005 holds 112.05 units above its required stock (250.95)
M006,W005,W002,B00082,56,SHORTAGE_EXCESS,2027-02-27,150,5213.02,328,272,158,214,Shortage at W002 (55.06 units); W005 holds 77.05 units above its required stock (250.95)
M007,W002,W005,B00087,132,SHORTAGE_EXCESS,2026-10-31,31,1162.34,709,577,258,390,Shortage at W005 (131.17 units); W002 holds 416.16 units above its required stock (292.84)
M008,W005,W001,B00108,155,SHORTAGE_EXCESS,2026-11-06,37,1649.58,1995,1840,193,348,"Shortage at W001 (154.05 units); W005 holds 1,635.63 units above its required stock (359.37)"
M009,W001,W005,B00113,216,SHORTAGE_EXCESS,2027-01-10,102,6119.29,811,595,242,458,Shortage at W005 (227.73 units); W001 holds 216.07 units above its required stock (594.93)
M009,W004,W005,B00119,12,SHORTAGE_EXCESS,2027-02-15,138,8106.88,1313,1301,458,470,Shortage at W005 (11.73 units); W004 holds 700.09 units above its required stock (612.91)
M009,W004,W002,B00119,202,SHORTAGE_EXCESS,2027-02-15,138,7721.74,1301,1099,162,364,Shortage at W002 (201.42 units); W004 holds 688.09 units above its required stock (612.91)
M011,W006,W004,B00150,117,SHORTAGE_EXCESS,2027-02-02,125,10488.28,3325,3208,519,636,"Shortage at W004 (116.73 units); W006 holds 2,849.90 units above its required stock (475.10)"
M011,W006,W003,B00150,39,SHORTAGE_EXCESS,2027-02-02,125,9299.76,3208,3169,547,586,"Shortage at W003 (38.08 units); W006 holds 2,732.90 units above its required stock (475.10)"
M012,W003,W004,B00157,227,SHORTAGE_EXCESS,2026-10-12,12,1058.33,1538,1311,417,644,Shortage at W004 (226.19 units); W003 holds 772.57 units above its required stock (765.43)
M014,W001,W002,B00184,198,SHORTAGE_EXCESS,2027-02-07,130,5226.83,1528,1330,141,339,"Shortage at W002 (197.70 units); W001 holds 1,216.07 units above its required stock (311.93)"
M014,W001,W005,B00184,183,SHORTAGE_EXCESS,2027-02-07,130,4512.35,1330,1147,127,310,"Shortage at W005 (182.36 units); W001 holds 1,018.07 units above its required stock (311.93)"
M014,W001,W003,B00184,117,SHORTAGE_EXCESS,2027-02-07,130,5367.26,1147,1030,309,426,Shortage at W003 (116.61 units); W001 holds 835.07 units above its required stock (311.93)
M015,W002,W005,B00199,58,EXPIRY_PREVENTION,2026-10-12,12,234.23,524,466,36,94,Shortage at W005 and expiry risk at W002: W002 batch B00199 has 58.49 units forecast to expire unused in 12 days; W005 can consume 234.23 units between arrival (day 2) and expiry
M015,W004,W005,B00203,13,EXPIRY_PREVENTION,2026-10-16,16,277.04,542,529,94,107,Shortage at W005 and expiry risk at W004: W004 batch B00203 has 13.52 units forecast to expire unused in 16 days; W005 can consume 277.04 units between arrival (day 2) and expiry
M015,W002,W005,B00199,166,SHORTAGE_EXCESS,2026-10-12,12,176.23,466,300,107,273,Shortage at W005 (165.50 units); W002 holds 246.34 units above its required stock (218.66)
M015,W002,W003,B00199,81,SHORTAGE_EXCESS,2026-10-12,12,268.28,300,219,77,158,Shortage at W003 (184.08 units); W002 holds 81.34 units above its required stock (218.66)
M015,W004,W003,B00203,104,SHORTAGE_EXCESS,2026-10-16,16,303.99,529,425,158,262,Shortage at W003 (103.08 units); W004 holds 286.15 units above its required stock (241.85)
M015,W004,W001,B00203,96,SHORTAGE_EXCESS,2026-10-16,16,486.88,425,329,174,270,Shortage at W001 (95.49 units); W004 holds 183.15 units above its required stock (241.85)
M016,W004,W005,B00214,231,SHORTAGE_EXCESS,2027-02-01,124,5119.36,646,415,120,351,Shortage at W005 (309.33 units); W004 holds 244.12 units above its required stock (401.88)
M016,W003,W005,B00212,79,SHORTAGE_EXCESS,2027-04-10,192,7669.41,558,479,351,430,Shortage at W005 (78.33 units); W003 holds 122.51 units above its required stock (435.49)
M016,W003,W002,B00212,43,SHORTAGE_EXCESS,2027-04-10,192,9418.53,479,436,172,215,Shortage at W002 (207.93 units); W003 holds 43.51 units above its required stock (435.49)
M016,W001,W002,B00208,92,SHORTAGE_EXCESS,2027-07-20,293,14274.93,564,472,215,307,Shortage at W002 (164.93 units); W001 holds 92.37 units above its required stock (471.63)
M016,W004,W002,B00215,13,SHORTAGE_EXCESS,2027-08-19,323,15670.57,415,402,307,320,Shortage at W002 (72.93 units); W004 holds 13.12 units above its required stock (401.88)
M016,W006,W002,B00220,60,SHORTAGE_EXCESS,2027-12-02,428,20864.33,1050,990,320,380,Shortage at W002 (59.93 units); W006 holds 773.09 units above its required stock (276.91)
M017,W005,W001,B00232,167,SHORTAGE_EXCESS,2026-11-11,42,1724.3,430,263,104,271,Shortage at W001 (188.43 units); W005 holds 167.25 units above its required stock (262.75)
M017,W006,W001,B00234,22,SHORTAGE_EXCESS,2026-11-18,49,1859.66,520,498,271,293,Shortage at W001 (21.43 units); W006 holds 320.29 units above its required stock (199.71)
M018,W002,W005,B00238,121,SHORTAGE_EXCESS,2026-10-14,14,443.59,555,434,259,380,Shortage at W005 (120.25 units); W002 holds 234.52 units above its required stock (320.48)
M019,W006,W001,B00261,117,SHORTAGE_EXCESS,2026-12-17,78,2290.64,448,331,108,225,Shortage at W001 (116.74 units); W006 holds 279.24 units above its required stock (168.76)
M019,W006,W003,B00261,42,SHORTAGE_EXCESS,2026-12-17,78,2113.07,331,289,187,229,Shortage at W003 (91.64 units); W006 holds 162.24 units above its required stock (168.76)
M019,W002,W003,B00251,50,SHORTAGE_EXCESS,2027-01-18,110,2979.48,561,511,229,279,Shortage at W003 (49.64 units); W002 holds 385.33 units above its required stock (175.67)
M020,W004,W005,B00275,159,SHORTAGE_EXCESS,2027-03-27,178,5367.79,467,308,167,326,Shortage at W005 (181.01 units); W004 holds 185.26 units above its required stock (281.74)
M020,W004,W005,B00276,23,SHORTAGE_EXCESS,2028-05-08,586,17496.81,308,285,326,349,Shortage at W005 (22.01 units); W004 holds 26.26 units above its required stock (281.74)
M020,W004,W006,B00276,3,SHORTAGE_EXCESS,2028-05-08,586,17085.1,285,282,75,78,Shortage at W006 (142.49 units); W004 holds 3.26 units above its required stock (281.74)
M021,W004,W002,B00286,28,SHORTAGE_EXCESS,2027-05-01,213,8396.5,706,678,329,357,Shortage at W002 (27.49 units); W004 holds 356.87 units above its required stock (349.13)
M022,W006,W002,B00305,177,SHORTAGE_EXCESS,2026-12-07,68,2891.8,981,804,129,306,Shortage at W002 (196.57 units); W006 holds 700.73 units above its required stock (280.27)
M022,W004,W002,B00300,20,SHORTAGE_EXCESS,2027-03-15,166,7059.38,2579,2559,306,326,"Shortage at W002 (19.57 units); W004 holds 2,174.21 units above its required stock (404.79)"
M022,W004,W005,B00300,175,SHORTAGE_EXCESS,2027-03-15,166,6150.73,2559,2384,220,395,"Shortage at W005 (174.80 units); W004 holds 2,154.21 units above its required stock (404.79)"
M022,W004,W003,B00300,27,SHORTAGE_EXCESS,2027-03-15,166,7758.76,2384,2357,404,431,"Shortage at W003 (26.98 units); W004 holds 1,979.21 units above its required stock (404.79)"
M023,W005,W003,B00316,333,SHORTAGE_EXCESS,2026-11-06,37,2192.52,728,395,128,461,Shortage at W003 (458.39 units); W005 holds 333.78 units above its required stock (394.22)
M023,W004,W003,B00313,126,SHORTAGE_EXCESS,2026-11-29,60,3306.73,1033,907,461,587,Shortage at W003 (125.39 units); W004 holds 654.71 units above its required stock (378.29)
M023,W004,W001,B00313,75,SHORTAGE_EXCESS,2026-11-29,60,3657.66,907,832,418,493,Shortage at W001 (74.97 units); W004 holds 528.71 units above its required stock (378.29)
M024,W003,W004,B00323,145,SHORTAGE_EXCESS,2026-11-16,47,1768.16,622,477,136,281,Shortage at W004 (216.00 units); W003 holds 281.07 units above its required stock (340.93)
M024,W006,W004,B00331,71,SHORTAGE_EXCESS,2026-11-26,57,2016.57,2108,2037,281,352,"Shortage at W004 (71.00 units); W006 holds 1,848.56 units above its required stock (259.44)"
M024,W006,W001,B00331,209,SHORTAGE_EXCESS,2026-11-26,57,2375.24,2037,1828,133,342,"Shortage at W001 (208.54 units); W006 holds 1,777.56 units above its required stock (259.44)"
M024,W006,W002,B00331,141,SHORTAGE_EXCESS,2026-11-26,57,1693.47,1828,1687,146,287,"Shortage at W002 (140.90 units); W006 holds 1,568.56 units above its required stock (259.44)"
M024,W006,W005,B00331,28,SHORTAGE_EXCESS,2026-11-26,57,1875.33,1687,1659,285,313,"Shortage at W005 (27.98 units); W006 holds 1,427.56 units above its required stock (259.44)"
M025,W005,W001,B00346,288,SHORTAGE_EXCESS,2026-12-17,78,3783.83,2350,2062,117,405,"Shortage at W001 (287.99 units); W005 holds 1,918.70 units above its required stock (431.30)"
M025,W005,W004,B00346,195,SHORTAGE_EXCESS,2026-12-17,78,4637.33,2062,1867,241,436,"Shortage at W004 (194.06 units); W005 holds 1,630.70 units above its required stock (431.30)"
M025,W005,W003,B00346,81,SHORTAGE_EXCESS,2026-12-17,78,3761.08,1867,1786,416,497,"Shortage at W003 (80.66 units); W005 holds 1,435.70 units above its required stock (431.30)"
M026,W002,W006,B00356,127,SHORTAGE_EXCESS,2026-11-10,41,1217.76,545,418,63,190,Shortage at W006 (126.53 units); W002 holds 285.48 units above its required stock (259.52)
M027,W002,W001,B00370,102,SHORTAGE_EXCESS,2026-11-29,60,3159.03,569,467,114,216,Shortage at W001 (360.50 units); W002 holds 102.42 units above its required stock (466.58)
M027,W004,W001,B00375,259,SHORTAGE_EXCESS,2027-03-29,180,9603.38,2104,1845,216,475,"Shortage at W001 (258.50 units); W004 holds 1,591.65 units above its required stock (512.35)"
M027,W004,W003,B00375,292,SHORTAGE_EXCESS,2027-03-29,180,10114.47,1845,1553,220,512,"Shortage at W003 (291.33 units); W004 holds 1,332.65 units above its required stock (512.35)"
M028,W005,W003,B00389,104,SHORTAGE_EXCESS,2026-10-13,13,543.51,510,406,345,449,Shortage at W003 (103.18 units); W005 holds 115.21 units above its required stock (394.79)
M029,W006,W002,B00407,116,SHORTAGE_EXCESS,2027-02-17,140,5198.17,387,271,187,303,Shortage at W002 (145.98 units); W006 holds 180.47 units above its required stock (206.53)
M029,W004,W002,B00402,30,SHORTAGE_EXCESS,2027-03-29,180,6607.34,2565,2535,303,333,"Shortage at W002 (29.98 units); W004 holds 2,101.84 units above its required stock (463.16)"
M030,W001,W003,B00410,31,SHORTAGE_EXCESS,2026-10-06,6,110.19,299,268,43,74,Shortage at W003 (246.16 units); W001 holds 31.41 units above its required stock (267.59)
M030,W006,W003,B00421,99,SHORTAGE_EXCESS,2027-01-27,119,3295.22,297,198,74,173,Shortage at W003 (215.16 units); W006 holds 117.60 units above its required stock (179.40)
M030,W006,W003,B00422,18,SHORTAGE_EXCESS,2028-08-20,690,19393.84,198,180,173,191,Shortage at W003 (116.16 units); W006 holds 18.60 units above its required stock (179.40)
